entity_id,entity_type,region,volatility,liquidity_risk,market_sentiment,timestamp
E0001,supplier,APAC,71.74,27.04,-0.721,2026-01-01T01:00:00
E0002,supplier,APAC,58.14,7.86,-0.813,2026-01-01T02:00:00
E0003,carrier,APAC,55.51,69.44,0.403,2026-01-01T03:00:00
E0004,manufacturer,EMEA,45.43,30.04,0.739,2026-01-01T04:00:00
E0005,carrier,LATAM,35.62,18.99,0.914,2026-01-01T05:00:00
E0006,distributor,APAC,13.35,13.7,0.695,2026-01-01T06:00:00
E0007,distributor,APAC,70.68,53.26,0.946,2026-01-01T07:00:00
E0008,manufacturer,APAC,54.68,79.65,0.237,2026-01-01T08:00:00
E0009,distributor,EMEA,68.41,9.12,-0.544,2026-01-01T09:00:00
E0010,distributor,APAC,81.98,82.98,-0.24,2026-01-01T10:00:00
E0011,manufacturer,unknown,19.64,36.97,0.34,2026-01-01T11:00:00
E0012,supplier,EMEA,53.07,27.03,-0.075,2026-01-01T12:00:00
E0013,distributor,EMEA,66.62,80.86,0.552,2026-01-01T13:00:00
E0014,carrier,APAC,77.45,41.1,-0.868,2026-01-01T14:00:00
E0015,distributor,EMEA,63.99,40.61,0.829,2026-01-01T15:00:00
E0016,manufacturer,EMEA,28.84,27.2,0.123,2026-01-01T16:00:00
E0017,distributor,LATAM,85.8,40.95,-0.561,2026-01-01T17:00:00
E0018,carrier,LATAM,13.18,9.24,-0.781,2026-01-01T18:00:00
E0019,carrier,LATAM,58.68,39.63,0.192,2026-01-01T19:00:00
E0020,manufacturer,unknown,92.4,82.47,-0.977,2026-01-01T20:00:00
E0021,supplier,unknown,74.17,35.62,-0.413,2026-01-01T21:00:00
E0022,carrier,LATAM,5.29,69.99,0.439,2026-01-01T22:00:00
E0023,carrier,APAC,83.35,31.86,0.278,2026-01-01T23:00:00
E0024,carrier,EMEA,38.65,19.54,0.907,2026-01-02T00:00:00
E0025,supplier,unknown,48.97,15.07,-0.274,2026-01-02T01:00:00
E0026,distributor,EMEA,10.21,84.02,0.894,2026-01-02T02:00:00
E0027,supplier,LATAM,78.44,93.02,0.065,2026-01-02T03:00:00
E0028,carrier,EMEA,64.38,90.22,-0.67,2026-01-02T04:00:00
E0029,manufacturer,EMEA,88.6,72.97,0.38,2026-01-02T05:00:00
E0030,distributor,LATAM,94.56,63.49,-0.124,2026-01-02T06:00:00
E0031,manufacturer,APAC,27.31,10.76,-0.958,2026-01-02T07:00:00
E0032,carrier,EMEA,5.65,68.71,-0.882,2026-01-02T08:00:00
E0033,supplier,APAC,82.37,11.38,-0.524,2026-01-02T09:00:00
E0034,manufacturer,EMEA,53.53,70.1,0.765,2026-01-02T10:00:00
E0035,manufacturer,EMEA,75.62,77.67,-0.619,2026-01-02T11:00:00
E0036,supplier,LATAM,36.89,42.0,0.728,2026-01-02T12:00:00
E0037,supplier,APAC,10.46,70.54,0.601,2026-01-02T13:00:00
E0038,supplier,EMEA,22.24,53.27,-0.72,2026-01-02T14:00:00
E0039,carrier,unknown,46.64,83.7,-0.849,2026-01-02T15:00:00
E0040,supplier,APAC,63.69,53.65,-0.97,2026-01-02T16:00:00
E0041,supplier,EMEA,19.97,48.71,-0.573,2026-01-02T17:00:00
E0042,manufacturer,APAC,19.82,5.19,-0.219,2026-01-02T18:00:00
E0043,manufacturer,unknown,43.07,91.16,0.991,2026-01-02T19:00:00
E0044,manufacturer,EMEA,22.09,24.59,-0.883,2026-01-02T20:00:00
E0045,supplier,unknown,10.14,57.58,0.006,2026-01-02T21:00:00
E0046,carrier,APAC,91.47,12.21,-0.628,2026-01-02T22:00:00
E0047,supplier,EMEA,41.34,89.74,0.139,2026-01-02T23:00:00
E0048,supplier,APAC,42.73,57.53,0.046,2026-01-03T00:00:00
E0049,distributor,EMEA,65.28,33.28,-0.469,2026-01-03T01:00:00
E0050,carrier,unknown,46.15,88.61,0.871,2026-01-03T02:00:00
E0051,supplier,LATAM,60.9,55.67,-0.8,2026-01-03T03:00:00
E0052,carrier,unknown,16.92,36.41,-0.862,2026-01-03T04:00:00
E0053,carrier,unknown,30.65,44.44,0.086,2026-01-03T05:00:00
E0054,distributor,APAC,65.11,54.91,0.864,2026-01-03T06:00:00
E0055,supplier,EMEA,28.8,85.07,0.485,2026-01-03T07:00:00
E0056,carrier,unknown,30.36,23.96,-0.314,2026-01-03T08:00:00
E0057,distributor,LATAM,27.6,86.73,-0.898,2026-01-03T09:00:00
E0058,manufacturer,unknown,8.97,35.02,-0.738,2026-01-03T10:00:00
E0059,distributor,EMEA,71.71,54.65,-0.145,2026-01-03T11:00:00
E0060,supplier,APAC,11.77,84.48,0.808,2026-01-03T12:00:00
E0061,supplier,unknown,57.43,18.33,-0.745,2026-01-03T13:00:00
E0062,distributor,unknown,85.91,76.65,0.721,2026-01-03T14:00:00
E0063,distributor,EMEA,66.39,65.02,-0.293,2026-01-03T15:00:00
E0064,manufacturer,EMEA,88.32,26.31,-0.675,2026-01-03T16:00:00
E0065,carrier,LATAM,7.23,71.29,-0.336,2026-01-03T17:00:00
E0066,manufacturer,EMEA,29.01,75.86,-0.784,2026-01-03T18:00:00
E0067,supplier,LATAM,25.02,78.49,-0.079,2026-01-03T19:00:00
E0068,distributor,EMEA,25.06,64.4,-0.203,2026-01-03T20:00:00
E0069,distributor,APAC,92.02,30.12,0.283,2026-01-03T21:00:00
E0070,manufacturer,unknown,89.53,15.38,0.941,2026-01-03T22:00:00
E0071,carrier,unknown,8.44,58.69,-0.309,2026-01-03T23:00:00
E0072,distributor,LATAM,59.56,51.03,-0.23,2026-01-04T00:00:00
E0073,carrier,unknown,8.99,44.25,0.04,2026-01-04T01:00:00
E0074,carrier,unknown,43.82,90.4,0.842,2026-01-04T02:00:00
E0075,distributor,APAC,69.78,32.03,-0.381,2026-01-04T03:00:00
E0076,manufacturer,unknown,41.22,31.61,-0.745,2026-01-04T04:00:00
E0077,manufacturer,LATAM,65.96,86.25,0.231,2026-01-04T05:00:00
E0078,distributor,LATAM,54.31,5.04,-0.426,2026-01-04T06:00:00
E0079,manufacturer,unknown,46.85,44.79,-0.573,2026-01-04T07:00:00
E0080,manufacturer,EMEA,64.3,30.54,0.328,2026-01-04T08:00:00
E0081,distributor,APAC,78.66,72.6,0.346,2026-01-04T09:00:00
E0082,carrier,EMEA,18.26,9.16,0.968,2026-01-04T10:00:00
E0083,supplier,LATAM,42.3,61.68,-0.611,2026-01-04T11:00:00
E0084,manufacturer,LATAM,40.97,18.28,0.375,2026-01-04T12:00:00
E0085,supplier,LATAM,24.7,77.37,0.392,2026-01-04T13:00:00
E0086,manufacturer,APAC,55.17,87.57,-0.757,2026-01-04T14:00:00
E0087,carrier,LATAM,65.08,93.91,0.191,2026-01-04T15:00:00
E0088,manufacturer,LATAM,79.75,54.31,0.794,2026-01-04T16:00:00
E0089,manufacturer,LATAM,28.33,27.25,0.275,2026-01-04T17:00:00
E0090,manufacturer,EMEA,29.71,11.97,-0.429,2026-01-04T18:00:00
E0091,distributor,unknown,33.77,53.61,-0.723,2026-01-04T19:00:00
E0092,carrier,LATAM,67.46,68.58,-0.872,2026-01-04T20:00:00
E0093,manufacturer,unknown,53.84,42.42,-0.586,2026-01-04T21:00:00
E0094,manufacturer,LATAM,86.44,57.57,0.391,2026-01-04T22:00:00
E0095,manufacturer,LATAM,5.53,36.66,0.507,2026-01-04T23:00:00
E0096,manufacturer,EMEA,48.94,29.56,-0.029,2026-01-05T00:00:00
E0097,manufacturer,unknown,65.2,76.83,0.448,2026-01-05T01:00:00
E0098,manufacturer,EMEA,93.26,53.07,0.814,2026-01-05T02:00:00
E0099,supplier,APAC,62.85,17.21,-0.077,2026-01-05T03:00:00
E0100,supplier,unknown,39.12,24.05,-0.346,2026-01-05T04:00:00
E0101,manufacturer,unknown,72.68,79.87,-0.495,2026-01-05T05:00:00
E0102,supplier,LATAM,6.74,53.55,1.0,2026-01-05T06:00:00
E0103,distributor,EMEA,63.51,75.31,0.304,2026-01-05T07:00:00
E0104,supplier,EMEA,22.94,6.83,-0.695,2026-01-05T08:00:00
E0105,carrier,LATAM,65.25,55.76,-0.564,2026-01-05T09:00:00
E0106,distributor,unknown,20.1,59.65,0.496,2026-01-05T10:00:00
E0107,supplier,EMEA,91.82,14.73,-0.949,2026-01-05T11:00:00
E0108,distributor,LATAM,40.7,69.35,-0.848,2026-01-05T12:00:00
E0109,carrier,APAC,67.75,32.14,0.369,2026-01-05T13:00:00
E0110,supplier,APAC,36.25,43.55,-0.259,2026-01-05T14:00:00
E0111,distributor,APAC,81.46,79.01,-0.789,2026-01-05T15:00:00
E0112,distributor,LATAM,68.66,44.19,0.468,2026-01-05T16:00:00
E0113,distributor,LATAM,46.84,79.32,0.185,2026-01-05T17:00:00
E0114,distributor,EMEA,79.77,12.8,0.763,2026-01-05T18:00:00
E0115,carrier,LATAM,56.29,65.14,-0.327,2026-01-05T19:00:00
E0116,manufacturer,unknown,21.37,24.09,0.596,2026-01-05T20:00:00
E0117,distributor,unknown,84.23,68.11,-0.447,2026-01-05T21:00:00
E0118,supplier,EMEA,12.71,69.81,-0.023,2026-01-05T22:00:00
E0119,carrier,LATAM,63.13,49.17,0.586,2026-01-05T23:00:00
E0120,supplier,unknown,24.94,67.26,-0.388,2026-01-06T00:00:00
E0121,distributor,LATAM,54.81,35.94,0.993,2026-01-06T01:00:00
E0122,distributor,unknown,68.26,29.38,-0.497,2026-01-06T02:00:00
E0123,supplier,EMEA,33.4,71.86,0.902,2026-01-06T03:00:00
E0124,carrier,EMEA,24.47,48.58,0.449,2026-01-06T04:00:00
E0125,distributor,APAC,79.94,31.66,-0.278,2026-01-06T05:00:00
E0126,distributor,APAC,68.72,16.39,-0.909,2026-01-06T06:00:00
E0127,supplier,unknown,67.77,16.37,0.737,2026-01-06T07:00:00
E0128,manufacturer,APAC,83.54,56.67,-0.061,2026-01-06T08:00:00
E0129,manufacturer,unknown,21.59,9.62,0.882,2026-01-06T09:00:00
E0130,manufacturer,APAC,78.99,41.06,-0.852,2026-01-06T10:00:00
E0131,supplier,EMEA,18.43,55.66,-0.392,2026-01-06T11:00:00
E0132,carrier,APAC,55.23,42.46,0.192,2026-01-06T12:00:00
E0133,carrier,LATAM,45.55,44.84,0.72,2026-01-06T13:00:00
E0134,manufacturer,unknown,56.18,10.42,0.92,2026-01-06T14:00:00
E0135,supplier,EMEA,61.3,28.82,-0.838,2026-01-06T15:00:00
E0136,carrier,EMEA,54.68,19.09,-0.183,2026-01-06T16:00:00
E0137,manufacturer,unknown,7.94,30.93,-0.435,2026-01-06T17:00:00
E0138,manufacturer,APAC,66.86,88.15,0.576,2026-01-06T18:00:00
E0139,carrier,LATAM,15.33,25.23,-0.702,2026-01-06T19:00:00
E0140,distributor,EMEA,11.43,19.93,-0.385,2026-01-06T20:00:00
E0141,distributor,LATAM,16.19,66.98,0.399,2026-01-06T21:00:00
E0142,distributor,LATAM,44.4,58.82,0.779,2026-01-06T22:00:00
E0143,distributor,unknown,7.33,25.6,0.349,2026-01-06T23:00:00
E0144,supplier,unknown,56.86,73.68,-0.65,2026-01-07T00:00:00
E0145,manufacturer,unknown,21.33,57.68,0.27,2026-01-07T01:00:00
E0146,manufacturer,APAC,47.3,41.75,-0.358,2026-01-07T02:00:00
E0147,supplier,EMEA,34.68,67.43,-0.424,2026-01-07T03:00:00
E0148,manufacturer,APAC,45.93,33.31,-0.353,2026-01-07T04:00:00
E0149,manufacturer,APAC,64.19,53.83,-0.174,2026-01-07T05:00:00
E0150,carrier,unknown,61.04,49.86,-0.116,2026-01-07T06:00:00
E0151,supplier,EMEA,29.04,16.79,-0.424,2026-01-07T07:00:00
E0152,manufacturer,APAC,7.6,61.7,0.599,2026-01-07T08:00:00
E0153,carrier,unknown,54.58,54.7,-0.814,2026-01-07T09:00:00
E0154,supplier,LATAM,90.24,63.29,-0.692,2026-01-07T10:00:00
E0155,distributor,unknown,42.39,48.42,-0.056,2026-01-07T11:00:00
E0156,manufacturer,EMEA,39.52,87.97,0.016,2026-01-07T12:00:00
E0157,carrier,APAC,29.86,76.1,-0.17,2026-01-07T13:00:00
E0158,distributor,APAC,30.46,31.87,0.174,2026-01-07T14:00:00
E0159,manufacturer,EMEA,45.19,48.59,-0.335,2026-01-07T15:00:00
E0160,manufacturer,LATAM,88.96,83.26,0.962,2026-01-07T16:00:00
E0161,carrier,LATAM,26.02,74.8,-0.913,2026-01-07T17:00:00
E0162,manufacturer,LATAM,39.75,64.73,0.641,2026-01-07T18:00:00
E0163,carrier,LATAM,91.83,16.36,0.931,2026-01-07T19:00:00
E0164,distributor,APAC,83.68,44.63,0.052,2026-01-07T20:00:00
E0165,manufacturer,APAC,70.02,41.9,0.31,2026-01-07T21:00:00
E0166,carrier,APAC,47.25,92.23,-0.323,2026-01-07T22:00:00
E0167,manufacturer,APAC,81.66,81.71,0.719,2026-01-07T23:00:00
E0168,manufacturer,unknown,61.41,84.87,-0.024,2026-01-08T00:00:00
E0169,supplier,APAC,26.13,66.6,-0.425,2026-01-08T01:00:00
E0170,carrier,APAC,44.06,13.86,0.267,2026-01-08T02:00:00
E0171,supplier,LATAM,19.97,31.95,-0.942,2026-01-08T03:00:00
E0172,distributor,APAC,31.4,38.74,-0.709,2026-01-08T04:00:00
E0173,manufacturer,EMEA,20.3,12.11,0.742,2026-01-08T05:00:00
E0174,carrier,LATAM,87.15,17.88,-0.078,2026-01-08T06:00:00
E0175,distributor,LATAM,27.98,5.85,0.609,2026-01-08T07:00:00
E0176,distributor,EMEA,11.65,90.07,0.975,2026-01-08T08:00:00
E0177,distributor,LATAM,67.13,46.12,-0.396,2026-01-08T09:00:00
E0178,manufacturer,LATAM,14.6,39.32,-0.282,2026-01-08T10:00:00
E0179,distributor,unknown,6.97,79.7,-0.208,2026-01-08T11:00:00
E0180,supplier,APAC,86.96,72.07,0.666,2026-01-08T12:00:00
E0181,distributor,EMEA,59.64,36.71,0.273,2026-01-08T13:00:00
E0182,distributor,EMEA,61.54,86.31,0.293,2026-01-08T14:00:00
E0183,distributor,LATAM,8.0,37.84,-0.737,2026-01-08T15:00:00
E0184,distributor,unknown,72.27,20.81,-0.736,2026-01-08T16:00:00
E0185,distributor,unknown,79.74,28.13,0.649,2026-01-08T17:00:00
E0186,manufacturer,unknown,72.19,35.48,-0.77,2026-01-08T18:00:00
E0187,supplier,EMEA,72.87,25.31,0.353,2026-01-08T19:00:00
E0188,manufacturer,unknown,13.13,40.51,-0.471,2026-01-08T20:00:00
E0189,supplier,LATAM,38.17,72.41,-0.476,2026-01-08T21:00:00
E0190,manufacturer,unknown,14.75,26.04,-0.95,2026-01-08T22:00:00
E0191,distributor,EMEA,63.29,62.19,-0.071,2026-01-08T23:00:00
E0192,distributor,LATAM,15.5,9.08,-0.926,2026-01-09T00:00:00
E0193,manufacturer,APAC,13.75,84.85,-0.729,2026-01-09T01:00:00
E0194,manufacturer,unknown,65.34,71.88,0.892,2026-01-09T02:00:00
E0195,manufacturer,EMEA,84.69,63.94,0.667,2026-01-09T03:00:00
E0196,manufacturer,unknown,7.94,38.35,-0.113,2026-01-09T04:00:00
E0197,carrier,unknown,13.94,66.71,0.089,2026-01-09T05:00:00
E0198,distributor,APAC,40.83,22.08,-0.756,2026-01-09T06:00:00
E0199,manufacturer,APAC,64.65,62.75,0.194,2026-01-09T07:00:00
E0200,supplier,APAC,75.81,26.92,-0.748,2026-01-09T08:00:00
E0201,carrier,APAC,79.68,54.88,0.173,2026-01-09T09:00:00
E0202,carrier,unknown,74.69,75.98,0.192,2026-01-09T10:00:00
E0203,distributor,EMEA,93.88,53.62,0.597,2026-01-09T11:00:00
E0204,supplier,APAC,16.86,37.24,0.577,2026-01-09T12:00:00
E0205,distributor,APAC,20.68,9.72,0.483,2026-01-09T13:00:00
E0206,supplier,APAC,47.86,75.02,0.026,2026-01-09T14:00:00
E0207,supplier,LATAM,50.35,90.09,-0.913,2026-01-09T15:00:00
E0208,distributor,LATAM,62.9,7.8,0.997,2026-01-09T16:00:00
E0209,manufacturer,LATAM,66.75,49.12,0.819,2026-01-09T17:00:00
E0210,supplier,APAC,33.99,18.35,-0.748,2026-01-09T18:00:00
E0211,distributor,LATAM,94.52,52.75,-0.093,2026-01-09T19:00:00
E0212,manufacturer,APAC,76.38,15.3,0.309,2026-01-09T20:00:00
E0213,carrier,LATAM,45.64,25.56,-0.322,2026-01-09T21:00:00
E0214,manufacturer,LATAM,42.44,13.56,-0.146,2026-01-09T22:00:00
E0215,distributor,unknown,90.82,66.81,-0.051,2026-01-09T23:00:00
E0216,supplier,APAC,13.39,13.69,0.478,2026-01-10T00:00:00
E0217,carrier,APAC,57.78,55.54,-0.341,2026-01-10T01:00:00
E0218,supplier,LATAM,36.82,64.88,0.501,2026-01-10T02:00:00
E0219,supplier,unknown,59.04,36.65,0.156,2026-01-10T03:00:00
E0220,carrier,EMEA,64.11,25.18,-0.784,2026-01-10T04:00:00
E0221,distributor,APAC,73.63,56.67,0.614,2026-01-10T05:00:00
E0222,supplier,unknown,7.61,29.59,0.525,2026-01-10T06:00:00
E0223,distributor,unknown,5.55,83.29,0.133,2026-01-10T07:00:00
E0224,manufacturer,APAC,17.77,61.99,-0.939,2026-01-10T08:00:00
E0225,carrier,LATAM,42.78,35.68,-0.26,2026-01-10T09:00:00
E0226,distributor,APAC,84.5,19.0,0.509,2026-01-10T10:00:00
E0227,supplier,APAC,29.49,64.57,-0.029,2026-01-10T11:00:00
E0228,manufacturer,LATAM,29.59,72.94,-0.772,2026-01-10T12:00:00
E0229,manufacturer,APAC,30.49,66.06,-0.027,2026-01-10T13:00:00
E0230,distributor,APAC,24.85,93.6,-0.89,2026-01-10T14:00:00
E0231,carrier,unknown,90.08,74.06,0.528,2026-01-10T15:00:00
E0232,distributor,unknown,15.8,49.76,-0.139,2026-01-10T16:00:00
E0233,carrier,LATAM,52.93,25.71,0.117,2026-01-10T17:00:00
E0234,distributor,APAC,40.74,71.78,-0.128,2026-01-10T18:00:00
E0235,manufacturer,APAC,82.59,56.82,0.147,2026-01-10T19:00:00
E0236,manufacturer,unknown,15.37,6.88,-0.35,2026-01-10T20:00:00
E0237,manufacturer,unknown,12.93,81.0,-0.513,2026-01-10T21:00:00
E0238,manufacturer,APAC,40.62,32.92,-0.321,2026-01-10T22:00:00
E0239,distributor,EMEA,11.87,61.99,0.061,2026-01-10T23:00:00
E0240,carrier,unknown,36.6,91.24,0.291,2026-01-11T00:00:00
E0241,carrier,EMEA,14.25,28.04,-0.653,2026-01-11T01:00:00
E0242,carrier,APAC,20.94,74.56,-0.012,2026-01-11T02:00:00
E0243,manufacturer,unknown,82.78,61.45,-0.698,2026-01-11T03:00:00
E0244,supplier,LATAM,44.8,32.25,-0.451,2026-01-11T04:00:00
E0245,supplier,unknown,50.66,32.94,-0.096,2026-01-11T05:00:00
E0246,supplier,unknown,79.85,11.91,0.729,2026-01-11T06:00:00
E0247,supplier,LATAM,46.64,54.89,0.584,2026-01-11T07:00:00
E0248,supplier,LATAM,86.81,56.45,-0.624,2026-01-11T08:00:00
E0249,manufacturer,EMEA,91.2,45.55,0.622,2026-01-11T09:00:00
E0250,distributor,APAC,50.41,20.53,-0.505,2026-01-11T10:00:00
E0251,manufacturer,LATAM,52.17,59.88,-0.272,2026-01-11T11:00:00
E0252,distributor,LATAM,41.79,35.45,0.196,2026-01-11T12:00:00
E0253,distributor,APAC,34.67,55.22,-0.227,2026-01-11T13:00:00
E0254,distributor,EMEA,35.0,57.45,-0.717,2026-01-11T14:00:00
E0255,distributor,unknown,92.09,67.86,-0.216,2026-01-11T15:00:00
E0256,supplier,unknown,55.3,62.91,-0.343,2026-01-11T16:00:00
E0257,carrier,APAC,63.14,43.11,-0.276,2026-01-11T17:00:00
E0258,distributor,unknown,21.22,24.28,0.895,2026-01-11T18:00:00
E0259,manufacturer,EMEA,25.39,17.38,-0.846,2026-01-11T19:00:00
E0260,supplier,APAC,64.57,83.88,0.236,2026-01-11T20:00:00
E0261,manufacturer,EMEA,19.6,79.82,0.542,2026-01-11T21:00:00
E0262,carrier,LATAM,8.93,37.79,0.439,2026-01-11T22:00:00
E0263,manufacturer,unknown,72.72,75.54,-0.532,2026-01-11T23:00:00
E0264,carrier,unknown,91.9,75.59,0.808,2026-01-12T00:00:00
E0265,carrier,unknown,66.05,56.34,-0.119,2026-01-12T01:00:00
E0266,distributor,LATAM,50.26,42.68,-0.676,2026-01-12T02:00:00
E0267,carrier,EMEA,83.57,9.7,-0.039,2026-01-12T03:00:00
E0268,distributor,APAC,69.03,51.43,-0.751,2026-01-12T04:00:00
E0269,supplier,EMEA,29.55,86.48,-0.705,2026-01-12T05:00:00
E0270,manufacturer,APAC,90.18,24.98,-0.098,2026-01-12T06:00:00
E0271,distributor,APAC,42.34,40.68,-0.252,2026-01-12T07:00:00
E0272,manufacturer,APAC,38.74,7.54,0.862,2026-01-12T08:00:00
E0273,distributor,EMEA,17.38,30.82,0.66,2026-01-12T09:00:00
E0274,carrier,LATAM,45.37,5.47,-0.842,2026-01-12T10:00:00
E0275,distributor,EMEA,80.15,54.39,0.454,2026-01-12T11:00:00
E0276,manufacturer,APAC,74.86,26.39,-0.756,2026-01-12T12:00:00
E0277,carrier,LATAM,62.51,61.05,-0.874,2026-01-12T13:00:00
E0278,manufacturer,APAC,61.88,56.75,0.437,2026-01-12T14:00:00
E0279,distributor,LATAM,5.14,36.75,0.141,2026-01-12T15:00:00
E0280,carrier,APAC,52.11,37.45,0.907,2026-01-12T16:00:00
E0281,supplier,LATAM,83.6,8.92,-0.226,2026-01-12T17:00:00
E0282,distributor,unknown,72.26,37.14,-0.865,2026-01-12T18:00:00
E0283,carrier,APAC,74.44,71.17,-0.335,2026-01-12T19:00:00
E0284,supplier,unknown,54.14,78.22,-0.65,2026-01-12T20:00:00
E0285,manufacturer,LATAM,61.86,78.03,-0.874,2026-01-12T21:00:00
E0286,manufacturer,APAC,31.41,8.94,-0.601,2026-01-12T22:00:00
E0287,supplier,unknown,89.0,51.38,0.978,2026-01-12T23:00:00
E0288,manufacturer,unknown,8.3,63.22,-0.428,2026-01-13T00:00:00
E0289,supplier,unknown,29.59,76.94,-0.126,2026-01-13T01:00:00
E0290,manufacturer,LATAM,85.52,39.8,0.947,2026-01-13T02:00:00
E0291,manufacturer,LATAM,38.06,76.76,-0.467,2026-01-13T03:00:00
E0292,supplier,LATAM,12.1,59.22,0.645,2026-01-13T04:00:00
E0293,distributor,unknown,14.23,34.51,-0.409,2026-01-13T05:00:00
E0294,manufacturer,LATAM,20.0,44.95,-0.106,2026-01-13T06:00:00
E0295,distributor,LATAM,29.71,93.2,0.896,2026-01-13T07:00:00
E0296,supplier,LATAM,37.7,77.1,0.359,2026-01-13T08:00:00
E0297,supplier,EMEA,81.38,66.03,-0.124,2026-01-13T09:00:00
E0298,carrier,APAC,26.24,63.06,-0.276,2026-01-13T10:00:00
E0299,supplier,EMEA,66.12,90.39,-0.256,2026-01-13T11:00:00
E0300,supplier,EMEA,52.65,40.82,0.299,2026-01-13T12:00:00
E0301,carrier,APAC,7.33,21.74,0.035,2026-01-13T13:00:00
E0302,supplier,unknown,74.75,68.36,-0.571,2026-01-13T14:00:00
E0303,distributor,LATAM,23.02,17.22,-0.852,2026-01-13T15:00:00
E0304,carrier,LATAM,94.75,77.95,0.935,2026-01-13T16:00:00
E0305,distributor,unknown,68.86,54.5,-0.419,2026-01-13T17:00:00
E0306,distributor,EMEA,69.06,88.46,0.275,2026-01-13T18:00:00
E0307,distributor,EMEA,15.92,23.09,-0.722,2026-01-13T19:00:00
E0308,manufacturer,APAC,37.48,56.5,-0.065,2026-01-13T20:00:00
E0309,carrier,APAC,10.92,40.83,0.434,2026-01-13T21:00:00
E0310,manufacturer,LATAM,74.22,79.1,-0.852,2026-01-13T22:00:00
E0311,distributor,APAC,45.5,66.21,-0.311,2026-01-13T23:00:00
E0312,carrier,EMEA,43.94,86.96,-0.889,2026-01-14T00:00:00
E0313,supplier,EMEA,32.37,19.58,0.869,2026-01-14T01:00:00
E0314,carrier,unknown,90.27,51.7,-0.432,2026-01-14T02:00:00
E0315,supplier,unknown,22.67,91.07,-0.451,2026-01-14T03:00:00
E0316,distributor,APAC,50.23,20.18,0.883,2026-01-14T04:00:00
E0317,carrier,EMEA,64.29,69.86,0.21,2026-01-14T05:00:00
E0318,supplier,APAC,12.31,90.37,0.542,2026-01-14T06:00:00
E0319,distributor,EMEA,74.03,42.49,0.278,2026-01-14T07:00:00
E0320,manufacturer,unknown,62.77,32.19,-0.51,2026-01-14T08:00:00
E0321,manufacturer,unknown,45.82,66.98,-0.684,2026-01-14T09:00:00
E0322,manufacturer,LATAM,46.8,35.62,-0.713,2026-01-14T10:00:00
E0323,distributor,unknown,92.78,16.77,-0.259,2026-01-14T11:00:00
E0324,supplier,unknown,26.76,16.03,-0.101,2026-01-14T12:00:00
E0325,carrier,APAC,9.55,90.08,0.728,2026-01-14T13:00:00
E0326,manufacturer,EMEA,91.64,86.21,0.627,2026-01-14T14:00:00
E0327,distributor,EMEA,73.68,49.84,0.029,2026-01-14T15:00:00
E0328,manufacturer,unknown,49.76,13.1,-0.214,2026-01-14T16:00:00
E0329,manufacturer,EMEA,24.36,36.76,-0.899,2026-01-14T17:00:00
E0330,manufacturer,LATAM,30.72,5.74,-0.785,2026-01-14T18:00:00
E0331,carrier,unknown,70.48,73.75,-0.268,2026-01-14T19:00:00
E0332,manufacturer,APAC,56.33,22.52,0.106,2026-01-14T20:00:00
E0333,supplier,LATAM,50.38,73.8,-0.441,2026-01-14T21:00:00
E0334,supplier,EMEA,92.76,40.45,0.59,2026-01-14T22:00:00
E0335,distributor,unknown,72.95,22.92,0.018,2026-01-14T23:00:00
E0336,supplier,APAC,8.5,69.22,0.608,2026-01-15T00:00:00
E0337,manufacturer,EMEA,59.56,51.4,-0.344,2026-01-15T01:00:00
E0338,distributor,EMEA,40.37,60.49,0.685,2026-01-15T02:00:00
E0339,distributor,LATAM,68.79,31.98,0.631,2026-01-15T03:00:00
E0340,distributor,unknown,65.64,93.19,0.167,2026-01-15T04:00:00
E0341,supplier,LATAM,28.9,64.0,0.944,2026-01-15T05:00:00
E0342,carrier,APAC,57.52,20.35,0.258,2026-01-15T06:00:00
E0343,manufacturer,EMEA,78.95,26.8,0.145,2026-01-15T07:00:00
E0344,supplier,EMEA,6.7,33.23,-0.697,2026-01-15T08:00:00
E0345,carrier,LATAM,50.16,60.03,-0.057,2026-01-15T09:00:00
E0346,supplier,EMEA,51.68,55.48,0.996,2026-01-15T10:00:00
E0347,manufacturer,LATAM,33.24,20.59,0.824,2026-01-15T11:00:00
E0348,distributor,unknown,65.83,83.09,0.361,2026-01-15T12:00:00
E0349,distributor,LATAM,22.3,27.19,0.116,2026-01-15T13:00:00
E0350,carrier,unknown,74.41,68.44,0.38,2026-01-15T14:00:00
E0351,manufacturer,unknown,48.18,55.44,0.869,2026-01-15T15:00:00
E0352,distributor,unknown,15.97,65.9,-0.241,2026-01-15T16:00:00
E0353,manufacturer,unknown,90.91,77.42,-0.419,2026-01-15T17:00:00
E0354,distributor,APAC,36.17,44.81,-0.487,2026-01-15T18:00:00
E0355,manufacturer,EMEA,23.19,53.47,0.866,2026-01-15T19:00:00
E0356,distributor,EMEA,14.83,71.68,-0.521,2026-01-15T20:00:00
E0357,supplier,EMEA,62.42,9.72,-0.173,2026-01-15T21:00:00
E0358,manufacturer,APAC,66.31,17.37,0.929,2026-01-15T22:00:00
E0359,carrier,LATAM,63.76,84.26,-0.049,2026-01-15T23:00:00
E0360,carrier,unknown,33.91,63.13,0.816,2026-01-16T00:00:00
E0361,supplier,EMEA,53.16,70.08,0.873,2026-01-16T01:00:00
E0362,carrier,LATAM,84.4,20.82,0.839,2026-01-16T02:00:00
E0363,manufacturer,LATAM,21.77,72.41,0.745,2026-01-16T03:00:00
E0364,distributor,APAC,5.83,56.12,-0.785,2026-01-16T04:00:00
E0365,distributor,unknown,45.89,62.72,0.049,2026-01-16T05:00:00
E0366,carrier,LATAM,29.56,77.79,-0.339,2026-01-16T06:00:00
E0367,manufacturer,unknown,69.67,6.27,-0.326,2026-01-16T07:00:00
E0368,distributor,EMEA,20.79,82.05,0.794,2026-01-16T08:00:00
E0369,manufacturer,unknown,12.81,65.23,-0.63,2026-01-16T09:00:00
E0370,carrier,LATAM,34.12,27.32,-0.478,2026-01-16T10:00:00
E0371,carrier,LATAM,72.84,90.86,-0.396,2026-01-16T11:00:00
E0372,supplier,unknown,63.83,67.35,-0.876,2026-01-16T12:00:00
E0373,supplier,LATAM,32.61,41.49,0.005,2026-01-16T13:00:00
E0374,distributor,APAC,62.48,89.66,-0.265,2026-01-16T14:00:00
E0375,carrier,EMEA,91.16,48.04,-0.09,2026-01-16T15:00:00
E0376,distributor,LATAM,68.17,87.15,0.515,2026-01-16T16:00:00
E0377,carrier,EMEA,66.23,58.62,0.575,2026-01-16T17:00:00
E0378,manufacturer,unknown,12.03,55.78,-0.876,2026-01-16T18:00:00
E0379,carrier,EMEA,19.81,81.9,-0.116,2026-01-16T19:00:00
E0380,carrier,LATAM,13.18,50.93,0.617,2026-01-16T20:00:00
E0381,manufacturer,EMEA,51.19,46.11,-0.885,2026-01-16T21:00:00
E0382,manufacturer,unknown,70.1,40.64,0.633,2026-01-16T22:00:00
E0383,carrier,APAC,9.08,36.01,-0.872,2026-01-16T23:00:00
E0384,supplier,APAC,93.75,47.49,-0.426,2026-01-17T00:00:00
E0385,carrier,EMEA,73.92,93.05,0.292,2026-01-17T01:00:00
E0386,manufacturer,unknown,94.36,39.42,0.739,2026-01-17T02:00:00
E0387,manufacturer,LATAM,12.22,91.77,0.749,2026-01-17T03:00:00
E0388,carrier,unknown,15.68,94.36,-0.214,2026-01-17T04:00:00
E0389,carrier,EMEA,80.13,73.06,0.957,2026-01-17T05:00:00
E0390,manufacturer,LATAM,52.87,79.1,-0.505,2026-01-17T06:00:00
E0391,distributor,EMEA,29.81,89.37,0.45,2026-01-17T07:00:00
E0392,supplier,APAC,77.85,42.73,0.532,2026-01-17T08:00:00
E0393,supplier,EMEA,23.55,14.08,-0.933,2026-01-17T09:00:00
E0394,supplier,EMEA,71.65,41.2,-0.531,2026-01-17T10:00:00
E0395,carrier,APAC,17.61,94.41,-0.532,2026-01-17T11:00:00
E0396,distributor,unknown,26.32,83.86,0.971,2026-01-17T12:00:00
E0397,carrier,LATAM,32.05,10.49,0.897,2026-01-17T13:00:00
E0398,carrier,LATAM,55.03,9.22,-0.311,2026-01-17T14:00:00
E0399,manufacturer,unknown,67.67,41.74,-0.4,2026-01-17T15:00:00
E0400,carrier,LATAM,26.69,25.28,0.715,2026-01-17T16:00:00
E0401,carrier,LATAM,87.33,55.61,0.936,2026-01-17T17:00:00
E0402,carrier,LATAM,26.86,23.3,0.293,2026-01-17T18:00:00
E0403,manufacturer,unknown,13.32,70.21,-0.619,2026-01-17T19:00:00
E0404,distributor,LATAM,65.63,59.26,0.747,2026-01-17T20:00:00
E0405,carrier,EMEA,48.15,83.25,-0.334,2026-01-17T21:00:00
E0406,supplier,EMEA,89.34,91.59,-0.765,2026-01-17T22:00:00
E0407,manufacturer,EMEA,67.61,68.34,-0.207,2026-01-17T23:00:00
E0408,carrier,unknown,74.8,39.26,0.067,2026-01-18T00:00:00
E0409,distributor,unknown,28.54,51.15,-0.005,2026-01-18T01:00:00
E0410,supplier,LATAM,73.55,33.82,-0.594,2026-01-18T02:00:00
E0411,distributor,LATAM,9.11,82.77,0.483,2026-01-18T03:00:00
E0412,supplier,unknown,54.8,57.56,0.44,2026-01-18T04:00:00
E0413,distributor,EMEA,22.66,25.7,0.14,2026-01-18T05:00:00
E0414,carrier,LATAM,54.56,89.91,-0.325,2026-01-18T06:00:00
E0415,manufacturer,LATAM,46.47,70.95,-0.296,2026-01-18T07:00:00
E0416,carrier,LATAM,21.56,85.04,0.981,2026-01-18T08:00:00
E0417,supplier,APAC,80.52,11.69,0.636,2026-01-18T09:00:00
E0418,supplier,APAC,42.12,80.83,-0.537,2026-01-18T10:00:00
E0419,carrier,APAC,24.68,46.04,-0.879,2026-01-18T11:00:00
E0420,manufacturer,LATAM,6.42,52.9,-0.177,2026-01-18T12:00:00
E0421,supplier,unknown,53.22,30.8,0.004,2026-01-18T13:00:00
E0422,manufacturer,EMEA,14.63,13.67,-0.702,2026-01-18T14:00:00
E0423,carrier,unknown,78.37,29.06,-0.206,2026-01-18T15:00:00
E0424,distributor,LATAM,46.31,26.89,0.394,2026-01-18T16:00:00
E0425,distributor,APAC,63.84,82.24,0.519,2026-01-18T17:00:00
E0426,supplier,LATAM,39.13,54.74,-0.888,2026-01-18T18:00:00
E0427,supplier,EMEA,12.44,81.08,0.29,2026-01-18T19:00:00
E0428,distributor,APAC,85.53,87.72,-0.54,2026-01-18T20:00:00
E0429,manufacturer,unknown,9.19,11.69,0.851,2026-01-18T21:00:00
E0430,supplier,EMEA,88.59,33.3,0.923,2026-01-18T22:00:00
E0431,carrier,LATAM,88.6,31.93,0.128,2026-01-18T23:00:00
E0432,manufacturer,unknown,39.55,71.58,0.581,2026-01-19T00:00:00
E0433,supplier,unknown,9.83,44.34,0.677,2026-01-19T01:00:00
E0434,distributor,LATAM,92.2,34.37,0.268,2026-01-19T02:00:00
E0435,manufacturer,LATAM,25.53,54.77,-0.249,2026-01-19T03:00:00
E0436,carrier,LATAM,12.71,60.68,0.596,2026-01-19T04:00:00
E0437,supplier,APAC,29.12,39.2,0.568,2026-01-19T05:00:00
E0438,carrier,LATAM,33.5,14.59,-0.99,2026-01-19T06:00:00
E0439,distributor,LATAM,37.39,29.28,-0.735,2026-01-19T07:00:00
E0440,carrier,LATAM,45.4,54.93,-0.184,2026-01-19T08:00:00
E0441,supplier,APAC,36.85,13.38,0.196,2026-01-19T09:00:00
E0442,distributor,LATAM,6.11,42.24,0.558,2026-01-19T10:00:00
E0443,carrier,EMEA,66.68,20.26,-0.462,2026-01-19T11:00:00
E0444,distributor,LATAM,18.13,20.05,-0.448,2026-01-19T12:00:00
E0445,distributor,LATAM,75.44,37.5,0.888,2026-01-19T13:00:00
E0446,manufacturer,EMEA,46.21,17.19,-0.986,2026-01-19T14:00:00
E0447,manufacturer,unknown,80.75,39.19,0.724,2026-01-19T15:00:00
E0448,manufacturer,unknown,43.76,79.12,0.302,2026-01-19T16:00:00
E0449,carrier,unknown,33.86,90.26,-0.598,2026-01-19T17:00:00
E0450,distributor,EMEA,91.81,92.19,-0.417,2026-01-19T18:00:00
E0451,manufacturer,EMEA,34.33,30.23,0.572,2026-01-19T19:00:00
E0452,distributor,APAC,88.89,22.98,0.995,2026-01-19T20:00:00
E0453,carrier,APAC,90.77,46.55,0.417,2026-01-19T21:00:00
E0454,manufacturer,unknown,79.82,11.22,0.696,2026-01-19T22:00:00
E0455,manufacturer,LATAM,17.53,32.25,-0.495,2026-01-19T23:00:00
E0456,carrier,LATAM,76.02,11.66,0.981,2026-01-20T00:00:00
E0457,manufacturer,LATAM,53.09,88.11,0.739,2026-01-20T01:00:00
E0458,manufacturer,APAC,76.16,37.36,0.791,2026-01-20T02:00:00
E0459,supplier,APAC,74.21,64.18,-0.29,2026-01-20T03:00:00
E0460,supplier,LATAM,92.01,34.84,0.592,2026-01-20T04:00:00
E0461,supplier,APAC,13.87,24.98,0.494,2026-01-20T05:00:00
E0462,carrier,LATAM,38.67,46.68,0.359,2026-01-20T06:00:00
E0463,carrier,unknown,94.79,48.45,-0.409,2026-01-20T07:00:00
E0464,supplier,APAC,79.82,70.71,-0.303,2026-01-20T08:00:00
E0465,distributor,LATAM,75.58,51.9,-0.303,2026-01-20T09:00:00
E0466,supplier,LATAM,69.98,45.72,-0.866,2026-01-20T10:00:00
E0467,supplier,APAC,7.03,35.88,-0.781,2026-01-20T11:00:00
E0468,carrier,EMEA,51.44,54.67,-0.338,2026-01-20T12:00:00
E0469,manufacturer,LATAM,25.87,41.45,-0.631,2026-01-20T13:00:00
E0470,manufacturer,LATAM,7.63,60.27,-0.605,2026-01-20T14:00:00
E0471,manufacturer,LATAM,5.4,24.33,-0.443,2026-01-20T15:00:00
E0472,supplier,APAC,76.96,53.32,-0.268,2026-01-20T16:00:00
E0473,carrier,LATAM,15.26,65.36,-0.021,2026-01-20T17:00:00
E0474,distributor,LATAM,60.02,57.83,-0.304,2026-01-20T18:00:00
E0475,manufacturer,EMEA,78.24,68.54,-0.405,2026-01-20T19:00:00
E0476,supplier,EMEA,33.19,26.47,-0.766,2026-01-20T20:00:00
E0477,distributor,EMEA,50.97,42.64,-0.724,2026-01-20T21:00:00
E0478,manufacturer,LATAM,21.72,62.2,0.387,2026-01-20T22:00:00
E0479,carrier,EMEA,49.07,17.63,-0.371,2026-01-20T23:00:00
E0480,manufacturer,APAC,82.9,90.67,-0.031,2026-01-21T00:00:00
E0481,carrier,LATAM,91.74,50.49,-0.01,2026-01-21T01:00:00
E0482,manufacturer,LATAM,68.91,44.95,-0.665,2026-01-21T02:00:00
E0483,supplier,EMEA,31.29,29.74,0.075,2026-01-21T03:00:00
E0484,carrier,LATAM,55.91,74.53,-0.009,2026-01-21T04:00:00
E0485,supplier,APAC,29.11,53.88,0.982,2026-01-21T05:00:00
E0486,supplier,LATAM,54.17,94.08,-0.795,2026-01-21T06:00:00
E0487,carrier,unknown,83.73,7.9,-0.474,2026-01-21T07:00:00
E0488,supplier,LATAM,82.88,15.56,0.624,2026-01-21T08:00:00
E0489,carrier,unknown,82.49,59.92,-0.144,2026-01-21T09:00:00
E0490,carrier,EMEA,78.22,77.49,0.14,2026-01-21T10:00:00
E0491,distributor,EMEA,34.13,68.36,-0.421,2026-01-21T11:00:00
E0492,distributor,APAC,17.2,72.51,-0.177,2026-01-21T12:00:00
E0493,supplier,unknown,83.03,16.42,0.732,2026-01-21T13:00:00
E0494,carrier,EMEA,69.03,79.56,0.523,2026-01-21T14:00:00
E0495,manufacturer,LATAM,17.8,61.92,0.256,2026-01-21T15:00:00
E0496,manufacturer,LATAM,11.8,76.51,0.538,2026-01-21T16:00:00
E0497,manufacturer,unknown,67.52,83.96,-0.091,2026-01-21T17:00:00
E0498,manufacturer,unknown,57.38,83.2,0.694,2026-01-21T18:00:00
E0499,supplier,LATAM,62.14,67.76,0.7,2026-01-21T19:00:00
E0500,manufacturer,EMEA,92.13,79.24,-0.011,2026-01-21T20:00:00
E0501,distributor,unknown,35.4,57.01,0.132,2026-01-21T21:00:00
E0502,manufacturer,unknown,85.47,73.6,-0.908,2026-01-21T22:00:00
E0503,manufacturer,APAC,16.18,82.19,-0.117,2026-01-21T23:00:00
E0504,supplier,LATAM,23.21,66.97,-0.736,2026-01-22T00:00:00
E0505,distributor,EMEA,83.7,83.89,-0.813,2026-01-22T01:00:00
E0506,distributor,unknown,12.42,64.81,0.298,2026-01-22T02:00:00
E0507,supplier,LATAM,61.3,70.34,0.51,2026-01-22T03:00:00
E0508,manufacturer,APAC,68.33,5.1,-0.046,2026-01-22T04:00:00
E0509,carrier,EMEA,51.75,45.06,-0.984,2026-01-22T05:00:00
E0510,distributor,APAC,93.93,43.01,-0.736,2026-01-22T06:00:00
E0511,supplier,EMEA,39.48,70.77,-0.795,2026-01-22T07:00:00
E0512,distributor,unknown,84.29,17.34,0.547,2026-01-22T08:00:00
E0513,carrier,EMEA,11.16,55.7,0.221,2026-01-22T09:00:00
E0514,carrier,LATAM,36.61,24.17,0.497,2026-01-22T10:00:00
E0515,manufacturer,LATAM,82.4,12.8,-0.799,2026-01-22T11:00:00
E0516,supplier,LATAM,36.64,43.64,0.582,2026-01-22T12:00:00
E0517,carrier,unknown,63.02,27.34,0.202,2026-01-22T13:00:00
E0518,distributor,APAC,81.31,64.26,-0.397,2026-01-22T14:00:00
E0519,carrier,LATAM,31.6,9.91,0.796,2026-01-22T15:00:00
E0520,carrier,LATAM,39.73,26.7,0.276,2026-01-22T16:00:00
E0521,supplier,APAC,93.82,89.05,-0.736,2026-01-22T17:00:00
E0522,manufacturer,unknown,54.17,20.55,-0.058,2026-01-22T18:00:00
E0523,supplier,APAC,57.86,6.24,-0.569,2026-01-22T19:00:00
E0524,supplier,LATAM,50.59,61.57,0.002,2026-01-22T20:00:00
E0525,manufacturer,LATAM,68.16,12.42,0.073,2026-01-22T21:00:00
E0526,carrier,unknown,12.52,12.11,0.842,2026-01-22T22:00:00
E0527,carrier,unknown,40.17,62.09,0.669,2026-01-22T23:00:00
E0528,supplier,unknown,67.88,70.7,0.693,2026-01-23T00:00:00
E0529,supplier,EMEA,12.76,44.1,-0.093,2026-01-23T01:00:00
E0530,supplier,unknown,64.95,64.22,-0.649,2026-01-23T02:00:00
E0531,supplier,EMEA,68.13,19.74,0.906,2026-01-23T03:00:00
E0532,distributor,EMEA,38.47,72.48,0.747,2026-01-23T04:00:00
E0533,supplier,APAC,35.15,43.64,0.048,2026-01-23T05:00:00
E0534,distributor,APAC,49.65,50.97,-0.889,2026-01-23T06:00:00
E0535,carrier,unknown,19.16,74.6,0.789,2026-01-23T07:00:00
E0536,supplier,EMEA,71.67,5.23,0.717,2026-01-23T08:00:00
E0537,supplier,EMEA,9.14,37.76,0.84,2026-01-23T09:00:00
E0538,carrier,APAC,54.76,87.26,0.481,2026-01-23T10:00:00
E0539,manufacturer,EMEA,33.96,42.46,0.441,2026-01-23T11:00:00
E0540,distributor,APAC,56.44,15.75,0.347,2026-01-23T12:00:00
E0541,supplier,EMEA,25.09,51.42,-0.908,2026-01-23T13:00:00
E0542,manufacturer,APAC,83.93,82.94,0.547,2026-01-23T14:00:00
E0543,distributor,unknown,12.77,46.11,-0.262,2026-01-23T15:00:00
E0544,distributor,unknown,71.56,26.83,-0.263,2026-01-23T16:00:00
E0545,manufacturer,EMEA,70.92,54.19,0.592,2026-01-23T17:00:00
E0546,carrier,APAC,88.92,7.15,0.083,2026-01-23T18:00:00
E0547,supplier,unknown,5.13,64.16,0.698,2026-01-23T19:00:00
E0548,distributor,APAC,23.47,93.48,-0.16,2026-01-23T20:00:00
E0549,supplier,EMEA,69.05,13.37,0.843,2026-01-23T21:00:00
E0550,manufacturer,unknown,46.26,72.31,0.162,2026-01-23T22:00:00
E0551,carrier,LATAM,11.73,56.1,-0.13,2026-01-23T23:00:00
E0552,carrier,EMEA,31.25,81.58,0.852,2026-01-24T00:00:00
E0553,manufacturer,unknown,33.63,29.48,-0.851,2026-01-24T01:00:00
E0554,carrier,EMEA,75.19,57.62,-0.689,2026-01-24T02:00:00
E0555,carrier,LATAM,46.94,41.59,0.072,2026-01-24T03:00:00
E0556,carrier,LATAM,32.75,28.85,-0.76,2026-01-24T04:00:00
E0557,carrier,unknown,79.37,67.72,-0.919,2026-01-24T05:00:00
E0558,distributor,EMEA,13.21,27.34,-0.289,2026-01-24T06:00:00
E0559,supplier,unknown,28.42,94.16,-0.938,2026-01-24T07:00:00
E0560,manufacturer,LATAM,55.04,54.51,-0.811,2026-01-24T08:00:00
E0561,supplier,EMEA,15.93,10.55,0.562,2026-01-24T09:00:00
E0562,carrier,EMEA,22.83,41.05,0.373,2026-01-24T10:00:00
E0563,supplier,unknown,87.57,11.75,0.994,2026-01-24T11:00:00
E0564,carrier,LATAM,77.84,13.28,0.695,2026-01-24T12:00:00
E0565,distributor,APAC,8.84,46.49,-0.664,2026-01-24T13:00:00
E0566,manufacturer,LATAM,49.65,39.45,-0.147,2026-01-24T14:00:00
E0567,distributor,EMEA,86.75,29.75,-0.108,2026-01-24T15:00:00
E0568,carrier,APAC,60.27,60.53,0.295,2026-01-24T16:00:00
E0569,manufacturer,LATAM,84.45,48.11,-0.825,2026-01-24T17:00:00
E0570,manufacturer,EMEA,42.73,62.84,0.594,2026-01-24T18:00:00
E0571,carrier,APAC,94.05,75.37,-0.282,2026-01-24T19:00:00
E0572,manufacturer,unknown,87.14,50.22,-0.223,2026-01-24T20:00:00
E0573,carrier,APAC,33.7,24.71,0.792,2026-01-24T21:00:00
E0574,distributor,APAC,77.78,47.45,-0.285,2026-01-24T22:00:00
E0575,carrier,EMEA,14.01,64.12,-0.467,2026-01-24T23:00:00
E0576,supplier,EMEA,56.81,93.44,-0.223,2026-01-25T00:00:00
E0577,carrier,EMEA,26.29,33.62,0.476,2026-01-25T01:00:00
E0578,distributor,APAC,68.31,36.65,0.135,2026-01-25T02:00:00
E0579,carrier,EMEA,80.3,77.94,0.941,2026-01-25T03:00:00
E0580,distributor,EMEA,49.14,13.12,-0.535,2026-01-25T04:00:00
E0581,carrier,APAC,52.38,5.06,0.836,2026-01-25T05:00:00
E0582,carrier,EMEA,35.67,20.97,0.605,2026-01-25T06:00:00
E0583,distributor,APAC,6.97,57.79,0.834,2026-01-25T07:00:00
E0584,supplier,unknown,91.45,38.62,0.884,2026-01-25T08:00:00
E0585,manufacturer,APAC,35.29,34.03,0.952,2026-01-25T09:00:00
E0586,manufacturer,LATAM,63.43,20.68,0.937,2026-01-25T10:00:00
E0587,distributor,EMEA,64.9,78.3,-0.243,2026-01-25T11:00:00
E0588,distributor,EMEA,20.99,5.16,0.404,2026-01-25T12:00:00
E0589,manufacturer,APAC,21.39,33.64,0.618,2026-01-25T13:00:00
E0590,carrier,APAC,89.3,17.66,0.491,2026-01-25T14:00:00
E0591,carrier,unknown,93.41,20.11,0.771,2026-01-25T15:00:00
E0592,supplier,unknown,45.2,28.87,-0.501,2026-01-25T16:00:00
E0593,supplier,unknown,28.1,14.72,-0.997,2026-01-25T17:00:00
E0594,manufacturer,LATAM,70.93,92.22,0.769,2026-01-25T18:00:00
E0595,manufacturer,LATAM,36.61,38.78,0.658,2026-01-25T19:00:00
E0596,carrier,EMEA,45.62,76.93,-0.933,2026-01-25T20:00:00
E0597,supplier,unknown,28.5,14.43,-0.316,2026-01-25T21:00:00
E0598,manufacturer,EMEA,70.88,54.23,0.796,2026-01-25T22:00:00
E0599,supplier,unknown,58.46,60.23,-0.035,2026-01-25T23:00:00
E0600,supplier,LATAM,89.82,19.85,0.78,2026-01-26T00:00:00
